<?xml version="1.0" encoding="UTF-8"?>
<configuration>
    <include resource="org/springframework/boot/logging/logback/base.xml"/>
    <springProperty scope="context" name="application_name" 
          source="spring.application.name"/>

    <appender name="logstash" class="net.logstash.logback.appender.LogstashTcpSocketAppender">
       <destination>localhost:5000</destination>
       <encoder class="net.logstash.logback.encoder.LogstashEncoder"/>
    </appender>

    <root level="INFO">
        <appender-ref ref="logstash"/>
        <appender-ref ref="CONSOLE"/>
    </root>
    <logger name="org.springframework" level="INFO"/>
    <logger name="com.optimagrowth" level="DEBUG"/>
</configuration>